peak,rank_ne,rank_state,rank_range,state,range,ascents,elevation_ft,elevation_m,prominence_ft,prominence_m,key_col_ft,key_col_m,prominence_ratio
Mount Washington,1,1,1,New Hampshire,Presidential Range,6902,6286,1916,6146,1873,140,43,0.977728285077951
Mount Adams,2,2,2,New Hampshire,Presidential Range,3214,5797,1767,865,264,4932,1503,0.14921511126444711
Mount Jefferson,3,3,3,New Hampshire,Presidential Range,3111,5714,1742,756,230,4958,1512,0.13230661533076654
Mount Monroe,4,4,4,New Hampshire,Presidential Range,3089,5371,1637,284,87,5087,1550,0.05287655929994414
Mount Madison,5,5,5,New Hampshire,Presidential Range,3082,5363,1635,468,143,4895,1492,0.08726459071415253
Mount Marcy,6,1,1,New York,Adirondack High Peaks,3143,5344,1629,4917,1499,427,130,0.9200973053892215
Katahdin,7,1,1,Maine,Katahdin Area,2789,5267,1605,4287,1307,980,298,0.8139358268464021
Mount Lafayette,8,6,1,New Hampshire,Franconia Area,4583,5243,1598,3348,1020,1895,578,0.6385657066564944
Algonquin Peak,9,2,2,New York,Adirondack High Peaks,2496,5115,1559,2107,642,3008,917,0.41192570869990225
Mount Lincoln,10,7,2,New Hampshire,Franconia Area,4075,5080,1549,197,60,4883,1489,0.038779527559055116
Mount Haystack,11,3,3,New York,Adirondack High Peaks,1210,4948,1508,805,245,4143,1263,0.16269199676637025
Mount Skylight,12,4,4,New York,Adirondack High Peaks,1176,4926,1502,568,173,4358,1329,0.11530653674380836
South Twin,13,8,3,New Hampshire,Franconia Area,2676,4899,1493,1536,468,3363,1025,0.31353337415799143
Whiteface Mountain,14,5,1,New York,Northern Adirondacks,1827,4862,1482,3118,950,1744,532,0.6412998765939942
Dix Mountain,15,6,5,New York,Adirondack High Peaks,1283,4858,1481,2852,869,2006,612,0.5870728694936188
Basin Mountain,16,7,6,New York,Adirondack High Peaks,1141,4857,1480,772,235,4085,1245,0.1589458513485691
Iroquois Peak,17,8,7,New York,Adirondack High Peaks,1544,4850,1478,163,50,4687,1428,0.03360824742268041
Carter Dome,18,9,1,New Hampshire,Eastern White Mountains,2176,4839,1475,2827,862,2012,613,0.5842116139698285
Gray Peak,19,9,8,New York,Adirondack High Peaks,1035,4834,1473,109,33,4725,1440,0.02254861398427803
Mount Moosilauke,20,10,1,New Hampshire,Western White Mountains,3500,4800,1463,2925,892,1875,571,0.609375
Mount Eisenhower,21,11,6,New Hampshire,Presidential Range,3209,4763,1452,353,108,4410,1344,0.07411295402057527
North Twin,22,12,4,New Hampshire,Franconia Area,2093,4759,1451,322,98,4437,1353,0.06766127337675983
Hamlin Peak,23,2,2,Maine,Katahdin Area,902,4752,1448,513,156,4239,1292,0.10795454545454546
Gothics,24,10,9,New York,Adirondack High Peaks,1748,4742,1445,718,219,4024,1226,0.15141290594685786
Mount Colden,25,11,10,New York,Adirondack High Peaks,1511,4720,1439,894,272,3826,1167,0.18940677966101696
Mount Bond,26,13,5,New Hampshire,Franconia Area,2146,4696,1431,352,107,4344,1324,0.07495741056218058
Mount Carrigain,27,14,6,New Hampshire,Franconia Area,1836,4680,1427,2222,677,2458,750,0.47478632478632476
Nippletop,28,12,11,New York,Adirondack High Peaks,1210,4633,1412,1398,426,3235,986,0.30174832721778544
Giant Mountain,29,13,1,New York,Eastern Adirondacks,2230,4629,1411,2977,907,1652,504,0.6431194642471376
Middle Carter Mountain,30,15,2,New Hampshire,Eastern White Mountains,1952,4623,1409,715,218,3908,1191,0.15466147523253299
Mount Redfield,31,14,12,New York,Adirondack High Peaks,891,4613,1406,265,81,4348,1325,0.057446347279427705
Santanoni Peak,32,15,13,New York,Adirondack High Peaks,980,4606,1404,2418,737,2188,667,0.5249674337820235
Wright Peak,33,16,14,New York,Adirondack High Peaks,1926,4582,1396,287,87,4295,1309,0.06263640331732867
Saddleback Mountain,34,17,15,New York,Adirondack High Peaks,1231,4540,1384,361,110,4179,1274,0.07951541850220264
West Bond,35,16,7,New Hampshire,Franconia Area,1858,4517,1377,215,66,4302,1311,0.047597963249944655
Mount Garfield,36,17,8,New Hampshire,Franconia Area,2729,4501,1372,855,261,3646,1111,0.18995778715840925
Mount Liberty,37,18,9,New Hampshire,Franconia Area,3135,4457,1359,447,136,4010,1223,0.1002916760152569
Armstrong Mountain,38,18,16,New York,Adirondack High Peaks,1508,4453,1357,127,39,4326,1318,0.02852009880979115
Panther Peak,39,19,17,New York,Adirondack High Peaks,956,4446,1355,307,94,4139,1261,0.06905083220872694
South Carter Mountain,40,19,3,New Hampshire,Eastern White Mountains,1951,4445,1355,227,69,4218,1286,0.05106861642294713
Table Top Mountain,41,20,18,New York,Adirondack High Peaks,1383,4424,1348,423,129,4001,1219,0.09561482820976491
Hough Peak,42,21,19,New York,Adirondack High Peaks,1119,4417,1346,377,115,4040,1231,0.08535204890196967
Rocky Peak Ridge,43,22,2,New York,Eastern Adirondacks,1447,4406,1343,642,196,3764,1147,0.1457103949160236
Macomb Mountain,43,22,20,New York,Adirondack High Peaks,1192,4406,1343,603,184,3803,1159,0.13685882886972311
Mount Marshall,45,24,21,New York,Adirondack High Peaks,995,4402,1342,547,167,3855,1175,0.12426169922762381
Wildcat Mountain,46,20,4,New Hampshire,Eastern White Mountains,1971,4399,1341,1014,309,3385,1032,0.23050693339395317
Mount Hancock,47,21,10,New Hampshire,Franconia Area,2121,4398,1341,1248,380,3150,961,0.2837653478854025
Mount Mansfield,48,1,1,Vermont,Northern Green Mountains,2991,4395,1340,3635,1108,760,232,0.8270762229806599
Seward Mountain,49,25,22,New York,Adirondack High Peaks,976,4362,1329,2050,625,2312,704,0.46996790463090327
South Kinsman Mountain,50,22,2,New Hampshire,Western White Mountains,2372,4356,1328,2402,732,1954,596,0.5514233241505969
Allen Mountain,51,26,23,New York,Adirondack High Peaks,841,4350,1326,646,197,3704,1129,0.14850574712643677
Mount Flume,52,23,11,New Hampshire,Franconia Area,2746,4329,1320,462,141,3867,1179,0.10672210672210672
Mount Osceola,53,24,1,New Hampshire,Sandwich Range,2851,4328,1319,2040,622,2288,697,0.4713493530499076
Mount Field,54,25,12,New Hampshire,Franconia Area,2485,4326,1319,1700,518,2626,801,0.39297272306981046
Mount Pierce,55,26,7,New Hampshire,Presidential Range,3707,4315,1315,260,79,4055,1236,0.06025492468134415
Mount Willey,56,27,13,New Hampshire,Franconia Area,2235,4299,1310,307,94,3992,1216,0.07141195626889975
North Kinsman Mountain,57,28,3,New Hampshire,Western White Mountains,2587,4274,1303,263,80,4011,1223,0.061534861956013105
Zealand Mountain,58,29,14,New Hampshire,Franconia Area,2088,4264,1300,236,72,4028,1228,0.055347091932457786
Bondcliffs,59,30,15,New Hampshire,Franconia Area,2118,4263,1299,220,67,4043,1232,0.051606849636406285
South Hancock,60,31,16,New Hampshire,Franconia Area,2045,4257,1298,179,55,4078,1243,0.04204839088560019
Big Slide Mountain,61,27,24,New York,Adirondack High Peaks,1690,4252,1296,1091,333,3161,963,0.25658513640639696
Esther Mountain,62,28,2,New York,Northern Adirondacks,1383,4246,1294,324,99,3922,1195,0.07630711257654263
Sugarloaf Mountain,63,3,1,Maine,Rangeley-Stratton Ranges,874,4238,1292,3166,965,1072,327,0.7470504955167532
Killington Peak,64,2,1,Vermont,Central Green Mountains,1604,4229,1289,3309,1009,920,280,0.7824544809647671
Crocker Mountain,65,4,2,Maine,Rangeley-Stratton Ranges,786,4228,1289,1211,369,3017,920,0.28642384105960267
Upper Wolfjaw Mountain,66,29,25,New York,Adirondack High Peaks,1574,4224,1287,292,89,3932,1198,0.06912878787878787
Lower Wolfjaw Mountain,67,30,26,New York,Adirondack High Peaks,1533,4193,1278,697,212,3496,1066,0.16622943000238494
Old Speck,68,5,1,Maine,Mahoosuc Range,1175,4188,1277,2728,831,1460,446,0.6513849092645654
Slide Mountain,69,31,1,New York,Southern Catskills,1963,4184,1275,3284,1001,900,274,0.7848948374760994
Street Mountain,70,32,27,New York,Adirondack High Peaks,1238,4173,1272,1304,397,2869,875,0.3124850227653966
Phelps Mountain,71,33,28,New York,Adirondack High Peaks,1675,4163,1269,203,62,3960,1207,0.04876291136199856
Mount Cabot,72,32,1,New Hampshire,White Mountain North Country,1761,4161,1268,2664,812,1497,456,0.6402307137707282
Mount Osceola - East Peak,72,32,2,New Hampshire,Sandwich Range,2542,4161,1268,344,105,3817,1163,0.08267243451093487
North Tripyramid,74,34,3,New Hampshire,Sandwich Range,2097,4160,1268,1345,410,2815,858,0.3233173076923077
Sawteeth,75,34,29,New York,Adirondack High Peaks,1231,4146,1264,491,150,3655,1114,0.11842739990352147
North Brother,76,6,3,Maine,Katahdin Area,750,4143,1263,1257,383,2886,880,0.30340333091962346
Middle Tripyramid,77,35,4,New Hampshire,Sandwich Range,2042,4135,1260,288,88,3847,1172,0.06964933494558646
Bigelow Mountain,78,7,3,Maine,Rangeley-Stratton Ranges,1009,4134,1260,2841,866,1293,394,0.6872278664731495
Donaldson Mountain,79,35,30,New York,Adirondack High Peaks,987,4132,1259,166,51,3966,1208,0.04017424975798645
Seymour Mountain,80,36,31,New York,Adirondack High Peaks,918,4123,1257,1044,318,3079,939,0.2532136793596895
Saddleback Mountain,81,8,4,Maine,Rangeley-Stratton Ranges,994,4122,1256,2451,747,1671,509,0.5946142649199417
Cascade Mountain,82,37,32,New York,Adirondack High Peaks,2715,4099,1249,1206,368,2893,881,0.2942181019760917
South Dix,83,38,33,New York,Adirondack High Peaks,1216,4094,1248,128,39,3966,1209,0.03126526624328285
Porter Mountain,84,39,34,New York,Adirondack High Peaks,2260,4085,1245,316,96,3769,1149,0.07735618115055079
Cannon Mountain,85,36,4,New Hampshire,Western White Mountains,2787,4083,1245,757,231,3326,1014,0.18540289003183932
Mount Ellen,86,3,2,Vermont,Central Green Mountains,1160,4082,1244,2130,649,1952,595,0.5218030377266046
Avery Peak,86,9,5,Maine,Rangeley-Stratton Ranges,925,4082,1244,283,86,3799,1158,0.06932876041156295
Mount Passaconaway,88,37,5,New Hampshire,Sandwich Range,1994,4079,1243,799,244,3280,999,0.1958813434665359
Camels Hump,89,4,3,Vermont,Central Green Mountains,1819,4078,1243,1861,567,2217,676,0.4563511525257479
Mount Colvin,90,40,35,New York,Adirondack High Peaks,1158,4072,1241,752,229,3320,1012,0.18467583497053044
Mount Emmons,91,41,36,New York,Adirondack High Peaks,919,4067,1240,146,45,3921,1195,0.035898696828128844
Mount Hale,92,38,17,New Hampshire,Franconia Area,2173,4066,1239,631,192,3435,1047,0.15518937530742744
Wildcat D,93,39,5,New Hampshire,Eastern White Mountains,1973,4060,1237,306,93,3754,1144,0.07536945812807881
Mount Jackson,94,40,8,New Hampshire,Presidential Range,3014,4052,1235,358,109,3694,1126,0.08835143139190524
Mount Abraham,95,10,6,Maine,Rangeley-Stratton Ranges,695,4050,1234,905,276,3145,958,0.2234567901234568
South Crocker Mountain,96,11,7,Maine,Rangeley-Stratton Ranges,857,4048,1234,366,112,3682,1122,0.09041501976284586
Mount Tom,96,41,18,New Hampshire,Franconia Area,2405,4048,1234,350,107,3698,1127,0.08646245059288538
Mount Moriah,98,42,6,New Hampshire,Eastern White Mountains,1948,4047,1234,921,281,3126,953,0.22757598220904374
Hunter Mountain,99,42,1,New York,Central Catskills,1853,4034,1230,2145,654,1889,576,0.5317302925136341
Owls Head,100,43,19,New Hampshire,Franconia Area,1552,4029,1228,837,255,3192,973,0.20774385703648549
Galehead Mountain,100,43,19,New Hampshire,Franconia Area,2056,4029,1228,281,86,3748,1142,0.06974435343757757
Saddleback Mountain - The Horn,102,12,8,Maine,Rangeley-Stratton Ranges,842,4024,1227,476,145,3548,1082,0.11829025844930417
Mount Whiteface,103,45,6,New Hampshire,Sandwich Range,2116,4018,1225,548,167,3470,1058,0.13638626182180189
Dial Mountain,104,43,37,New York,Adirondack High Peaks,1208,4017,1225,191,58,3826,1167,0.0475479213343291
Mount Abraham,105,5,4,Vermont,Central Green Mountains,1299,4014,1223,317,97,3697,1126,0.07897359242650723
Grace Mountain,105,44,38,New York,Adirondack High Peaks,1170,4014,1224,317,97,3697,1127,0.07897359242650723
Mount Waumbek,107,46,2,New Hampshire,White Mountain North Country,2150,4011,1223,1310,399,2701,824,0.3266018449264523
Spaulding Mountain,107,13,9,Maine,Rangeley-Stratton Ranges,715,4011,1223,575,175,3436,1048,0.14335577162802293
Mount Isolation,109,47,9,New Hampshire,Presidential Range,1634,4004,1220,250,76,3754,1144,0.06243756243756244
Mount Redington,110,14,10,Maine,Rangeley-Stratton Ranges,602,4002,1220,440,134,3562,1086,0.10994502748625687
Blake Peak,111,45,39,New York,Adirondack High Peaks,1042,4001,1220,599,183,3402,1037,0.14971257185703574
Mount Tecumseh,112,48,7,New Hampshire,Sandwich Range,2750,3995,1218,1703,519,2292,699,0.4262828535669587
Cliff Mountain,113,46,40,New York,Adirondack High Peaks,875,3952,1204,494,151,3458,1053,0.125
Nye Mountain,114,47,41,New York,Adirondack High Peaks,1247,3891,1186,133,41,3758,1145,0.034181444358776666
Couchsachraga Peak,115,48,42,New York,Adirondack High Peaks,921,3805,1160,301,92,3504,1068,0.07910643889618922
